GEOID	FMRKTPTH16
01001	0.01804532986863
01003	0.0191788572277921
01005	0.154053533602927
01007	0.0441637592191847
01009	0.0173298211562457
01011	0.0965064659332175
01013	0.1000100010001
01015	0.0174503319925662
01017	0.0295482079011908
01019	0.0388726919339164
01021	0
01023	0.0769645193565766
01025	0.0819940964250574
01027	0.148235991698784
01029	0.0670061645671402
01031	0.0195213368211455
01033	0.0553342186808322
01035	0.0806776926179911
01037	0
01039	0.0533931336430135
01041	0.0718752246100769
01043	0.0121254744091863
01045	0.040628935928168
01047	0.0249950009998
01049	0.0282087447108604
01051	0.0244501766525263
01053	0.0795165394402036
01055	0.0292500292500292
01057	0.060437567992264
01059	0.0632351081320349
01061	0
01063	0.237473284255521
01065	0.0668806848582129
01067	0.116522955022139
01069	0.0288306296609518
01071	0.0191798688096973
01073	0.0257762830903034
01075	0.0718494036499497
01077	0.0108321237461817
01079	0.0300806160510167
01081	0.0251586567793146
01083	0.0107813224370101
01085	0.0965437343116432
01087	0.052734272003375
01089	0.0196096557945132
01091	0.152493264880801
01093	0.0666711114074272
01095	0.03152684510861
01097	0.0120529558668968
01099	0.0928936367858802
01101	0.0132538690252663
01103	0.0252075420965953
01105	0.104449550866931
01107	0.098405825624877
01109	0.0300426605780208
01111	0.088292424509977
01113	0.0171904008801485
01115	0.011361183380861
01117	0.0379827368461034
01119	0.0766871165644172
01121	0.0124839269440595
01123	0.0245537358509097
01125	0.0145558995060698
01127	0.0153924300029246
01129	0.05968011458582
01131	0.273074822501365
01133	0.0420079815164881
02013	0
02016	0.177085177970604
02020	0.0335354402532596
02050	0
02060	0
02068	0
02070	0.20185708518369
02090	0.0298195914715968
02100	0.400641025641026
02105	0
02110	0.0615991129727732
02122	0.102553584247769
02130	0
02150	0
02164	0
02170	0.076654050687491
02180	0
02185	0
02188	0
02195	0
02198	0
02220	0.113250283125708
02230	0
02240	0.14543339150669
02261	0.320684126135756
02270	0
02275	0
02282	0
02290	0.180962721679334
04001	0.0136776452565926
04003	0.031804086825157
04005	0.0141936582734834
04007	0.0373440884308014
04009	0.0265964520332988
04011	0
04012	0
04013	0.00919161620901452
04015	0.00487213092390219
04017	0.0272662825150419
04019	0.0265694160435975
04021	0.00238925789649735
04023	0.10873110796999
04025	0.0354669669536535
04027	0.00486307998307648
05001	0.109805644010102
05003	0.0975990630489947
05005	0.0730602503531245
05007	0.0309728174810582
05009	0.0804203302594896
05011	0
05013	0
05015	0.108514794183607
05017	0.0913659205116492
05019	0.0441364699651322
05021	0.0670241286863271
05023	0.0395820139328689
05025	0.12134449702706
05027	0.041839253587716
05029	0.0477623346229164
05031	0.0188973401993669
05033	0.016059871199833
05035	0
05037	0.0586957797734343
05039	0
05041	0
05043	0
05045	0.0409074917980479
05047	0
05049	0
05051	0.0307764908645116
05053	0.0553036168565424
05055	0.0224225301583031
05057	0.0910166560480568
05059	0
05061	0.0747551767959931
05063	0
05065	0.0744435345790218
05067	0.0580686371290866
05069	0.014282449725777
05071	0.0764058679706602
05073	0
05075	0.119510008963251
05077	0.107411385606874
05079	0
05081	0.0803148341498675
05083	0.137665198237885
05085	0
05087	0.0622200099552016
05089	0.0612557427258805
05091	0.0456756571585174
05093	0.0466907902416248
05095	0
05097	0.112625295641401
05099	0.119075970469159
05101	0.252016129032258
05103	0.041497219686281
05105	0.0986971969996052
05107	0.105401844532279
05109	0.0923190546528804
05111	0.0416267743412563
05113	0.0991424180835771
05115	0.0313582840746954
05117	0
05119	0.027972027972028
05121	0.0573131591013297
05123	0.0381737669873263
05125	0.00842438691524224
05127	0.194609321786514
05129	0.125517760763148
05131	0.0234754642273051
05133	0
05135	0.0582852480037303
05137	0.159502352659702
05139	0.0250708250808534
05141	0.0601395236949723
05143	0.0219251125854531
05145	0.025232453982312
05147	0
05149	0
06001	0.0212416793307536
06003	0
06005	0.107000508252414
06007	0.0352634177304464
06009	0.0664142923557149
06011	0.0926440615156568
06013	0.0220239673622423
06015	0.0363108206245461
06017	0.0538720538720539
06019	0.0153074501359812
06021	0.10681858643404
06023	0.102454517512404
06025	0.0110568710160712
06027	0.110229276895944
06029	0.0180834278945917
06031	0.0133524718763561
06033	0.109177116476387
06035	0.0323939099449304
06037	0.012329951474243
06039	0.0517139957465238
06041	0.0575482158134824
06043	0.0574382538770821
06045	0.0912950198566668
06047	0.0223320628870891
06049	0.113700966458215
06051	0.143051283885273
06053	0.0275715020954342
06055	0.0422041838414248
06057	0.100901046343851
06059	0.00756493551522885
06061	0.052558135868037
06063	0.0536855102807752
06065	0.0100513414143326
06067	0.0171678354000766
06069	0.0168310499208941
06071	0.0102799126768145
06073	0.0141662313815783
06075	0.0321511286768547
06077	0.0204440725137623
06079	0.0742345883692075
06081	0.0300733397228284
06083	0.0291368760786247
06085	0.0203188284684501
06087	0.0364069275101666
06089	0.0779375497547751
06091	0
06093	0.160539412425751
06095	0.0113582928031585
06097	0.045719283598704
06099	0.022158209616663
06101	0.0206930088669543
06103	0.0474113407927176
06105	0.156470035988108
06107	0.0238903476479953
06109	0.0743439149505613
06111	0.0117683332980283
06113	0.0278032641032057
06115	0.039853869146463
08001	0.0120436703486843
08003	0.0600456346823586
08005	0.00784845573784902
08007	0.155593589544111
08009	0
08011	0.341238696468179
08013	0.018620471346198
08014	0.0150310390957327
08015	0.157414209255956
08017	0
08019	0.211954217888936
08021	0
08023	0.268744961031981
08025	0
08027	0.217296827466319
08029	0.0328493528677485
08031	0.0202002712607855
08033	0
08035	0.0152145865283965
08037	0.0926114578895701
08039	0.0396337838373429
08041	0.0261519953972488
08043	0.0843063693462041
08045	0.0849083838538217
08047	0
08049	0.199893390191898
08051	0.121891760117016
08053	0
08055	0.299535719634566
08057	0
08059	0.0192362508896766
08061	0
08063	0
08065	0
08067	0.0359563489923233
08069	0.0352948443056181
08071	0.0709068992412962
08073	0
08075	0
08077	0.0199889394535024
08079	1.36612021857924
08081	0.0762834693721871
08083	0.148153635319827
08085	0.024113235755106
08087	0.0353681827827686
08089	0
08091	0.411776816965205
08093	0.058254689502505
08095	0
08097	0.0563316809373592
08099	0
08101	0.0242243660786202
08103	0
08105	0.174231204808781
08107	0.121713729308666
08109	0
08111	0
08113	0.374204814768617
08115	0
08117	0.0329228945808915
08119	0.0831842948051408
08121	0
08123	0.0339061207329147
08125	0
09001	0.0328328268958045
09003	0.0392205641261826
09005	0.0876371384283375
09007	0.073471336994655
09009	0.0326768781911014
09011	0.0667158387107535
09013	0.0661734538572506
09015	0.0602451115395208
10001	0.0228797611352937
10003	0.0287259846280075
10005	0.0726443920799452
11001	0.0792753644464671
12001	0.030360992197225
12003	0
12005	0.0217422027025558
12007	0.0742776498551586
12009	0.0103603681384145
12011	0.00471294992961995
12013	0
12015	0.0168100187711876
12017	0.00696277006844403
12019	0.00480051461516675
12021	0.0246483502037597
12023	0.0144302226583356
12027	0
12029	0
12031	0.0107961630436543
12033	0.0158635984352146
12035	0.0184655156495245
12037	0
12039	0.0217362952658349
12041	0
12043	0
12045	0.125078173858662
12047	0
12049	0
12051	0
12053	0.0164082369349413
12055	0.00990913324811479
12057	0.00653956655752857
12059	0
12061	0.0197937491340235
12063	0.0207344129050986
12065	0.0719114051488566
12067	0.116049669258443
12069	0.0119262006702525
12071	0.0179971647543525
12073	0.0382180653320455
12075	0.0250243987888191
12077	0
12079	0.0548726953467954
12081	0.00798110075341591
12083	0.0085954959601169
12085	0.00630115752263691
12086	0.0129011093110992
12087	0.012645902095426
12089	0.0248071246061869
12091	0.0198836804692549
12093	0.0248052785632783
12095	0.0076082250999911
12097	0.0119042304659018
12099	0.00831134290522991
12101	0.00780688879867595
12103	0.0135313771819346
12105	0.00750582827565605
12107	0.0276713200603235
12109	0.0170149774338862
12111	0.00652513645691616
12113	0.0117304116787979
12115	0.0145430218945195
12117	0.00658647270236389
12119	0.0322591051324236
12121	0.06850253459378
12123	0.0450958286358512
12125	0.0660414740457007
12127	0.00755623729607605
12129	0
12131	0.121416321389003
12133	0.0407016972607758
13001	0
13003	0
13005	0
13007	0
13009	0.0886053517632465
13011	0
13013	0.0259315924590929
13015	0.00963326172608784
13017	0.0579945485124398
13019	0.0526509766756173
13021	0.0196386488609584
13023	0.0771010023130301
13025	0
13027	0
13029	0
13031	0.0133829394288161
13033	0
13035	0
13037	0
13039	0.018865076969514
13043	0
13045	0.0172026732954301
13047	0
13049	0
13051	0.0138369044077459
13053	0
13055	0
13057	0.0165501946716648
13059	0.0320751842318394
13061	0.33112582781457
13063	0.0071566080540467
13065	0
13067	0.00801978212925216
13069	0
13071	0
13073	0.00678195998643608
13075	0
13077	0.00711612086019669
13079	0
13081	0.0440121473526693
13083	0.061511964077013
13085	0.0423657007286901
13087	0.0372828275296398
13089	0.0148584195234229
13091	0
13093	0
13095	0.0111090127420376
13097	0.00703116211047362
13099	0
13101	0
13103	0
13105	0
13107	0
13109	0
13111	0
13113	0.0179168122407661
13115	0.0103562551781276
13117	0.0090494052278414
13119	0.0448028673835125
13121	0.0166123345606917
13123	0.0336326640433189
13125	0
13127	0
13129	0.017573457050471
13131	0.0403095775556272
13133	0
13135	0.00881897402260964
13137	0.0452018261537766
13139	0.0203420515976139
13141	0
13143	0.0344328902968115
13145	0.0594318316890527
13147	0.0391343482174304
13149	0
13151	0
13153	0.0131473422647612
13155	0
13157	0.0309525651938404
13159	0
13161	0
13163	0
13165	0.113007119448525
13167	0
13169	0
13171	0.0541447831501435
13173	0
13175	0.021045542554087
13177	0
13179	0
13181	0
13183	0
13185	0.0261716160100499
13187	0.0318015582763555
13189	0
13191	0
13193	0.0743494423791822
13195	0
13197	0
13199	0
13201	0
13205	0
13207	0.0366219878415
13209	0
13211	0
13213	0
13215	0.0101273514444135
13217	0
13219	0.0542917639394104
13221	0.0670196367535688
13223	0.0128349109578052
13225	0.037516413430876
13227	0.0324338349766476
13229	0
13231	0.111476506326292
13233	0.0239371888165454
13235	0.177761976713181
13237	0.0465614378171998
13239	0
13241	0.120780240352678
13243	0
13245	0.0148774839199195
13247	0
13249	0
13251	0
13253	0
13255	0
13257	0
13259	0
13261	0.0329066438513936
13263	0
13265	0
13267	0
13269	0
13271	0
13273	0
13275	0.0221004243281471
13277	0.0734789850102871
13279	0
13281	0.0877886050390659
13283	0
13285	0
13287	0
13289	0
13291	0.0436147941381717
13293	0.0759445604708563
13295	0.0294568163072935
13297	0.0221768828173512
13299	0.0279814203368963
13301	0
13303	0
13305	0.033218176986447
13307	0
13309	0
13311	0.0346212435950699
13313	0.00956123492910344
13315	0
13317	0.101988781234064
13319	0
13321	0.0481974166184692
15001	0.156211419558678
15003	0.0433203540179628
15005	0
15007	0.19436615807522
15009	0.0604646100637297
16001	0.0202689920455467
16003	0
16005	0.0355547127771786
16007	0
16009	0.10998680158381
16011	0
16013	0.0917810105089257
16015	0.140370578326783
16017	0.0940379913485048
16019	0.00891011476227814
16021	0.0856091088091773
16023	0
16025	0
16027	0.0188948407637295
16029	0.145201103528387
16031	0
16033	0
16035	0.11768859597505
16037	0.48828125
16039	0.0384349296640787
16041	0
16043	0.0772618403770378
16045	0.0581936685288641
16047	0.0658544616397761
16049	0.0618965090368903
16051	0
16053	0
16055	0.0388825164764664
16057	0.153076844575977
16059	0.129483361388062
16061	0.25953802232027
16063	0.189717321191425
16065	0.0256095062487195
16067	0.0485060147458285
16069	0.0247714830686913
16071	0
16073	0.0878040214241812
16075	0
16077	0
16079	0
16081	0.182481751824818
16083	0.047896161122686
16085	0.190548780487805
16087	0.196618167518679
17001	0.0300399531376731
17003	0
17005	0
17007	0.0373810814346859
17009	0.147885241052943
17011	0.0299769177733145
17013	0
17015	0.137561042712704
17017	0
17019	0.0287881623076591
17021	0.0600438319973581
17023	0
17025	0.075187969924812
17027	0.0265048106231281
17029	0.0573142540549835
17031	0.0211396216276778
17033	0.0517920033146882
17035	0
17037	0.0191336292667993
17039	0.0616294835449279
17041	0.0509424350483953
17043	0.018292000585344
17045	0.0569281566662871
17047	0.15330369461904
17049	0
17051	0
17053	0.147329650092081
17055	0.0510777403207682
17057	0.0562809545249887
17059	0
17061	0.152753379668525
17063	0.0198267145151377
17065	0
17067	0.0540306894315972
17069	0
17071	0
17073	0
17075	0.0352932872167714
17077	0.16986580601325
17079	0
17081	0
17083	0.0454029511918275
17085	0.321543408360129
17087	0
17089	0.0188070676960402
17091	0.0545414878917897
17093	0.0160391354905971
17095	0.0392634182731949
17097	0.0227580801852508
17099	0.0723052728620235
17101	0.0610612444281614
17103	0.0291962278473621
17105	0.0547555166182993
17107	0.101601923663088
17109	0.0322622273841786
17111	0.026058292400099
17113	0.023199433933812
17115	0.0187705302674801
17117	0
17119	0.0112884229696831
17121	0.0262191924488726
17123	0
17125	0
17127	0
17129	0.159795461808885
17131	0.0635727908455181
17133	0.0587061171774099
17135	0.0690798563138989
17137	0.029174081745777
17139	0
17141	0.0975172117878806
17143	0.0108104602012908
17145	0.0936461113452264
17147	0.0603864734299517
17149	0
17151	0.240558094779889
17153	0
17155	0
17157	0.0306550994757978
17159	0.125549278091651
17161	0.0207205216045972
17163	0.0114173063529698
17165	0
17167	0.0101266335525749
17169	0.144446049400549
17171	0
17173	0.0460468757194824
17175	0
17177	0.0657548658600736
17179	0.0297652267738215
17181	0.058099000697188
17183	0.0128022941711155
17185	0
17187	0.0575440211761998
17189	0.141302811925957
17191	0.0609904854842645
17193	0
17195	0.0707513796519032
17197	0.0116021226083312
17199	0.059206631142688
17201	0.0314825114648813
17203	0.0510986203372509
18001	0.0283832879200727
18003	0.0269975486225851
18005	0.0491388417974988
18007	0
18009	0
18011	0.030934372728257
18013	0.0670600858369099
18015	0
18017	0.0263532388130501
18019	0.0172367729313718
18021	0
18023	0.0308099947623009
18025	0.189771325552709
18027	0
18029	0.040542458089234
18031	0.0375968117903602
18033	0.0233940017779441
18035	0.0173005890850583
18037	0.0235006580184245
18039	0.0245361441940122
18041	0.0428614290000429
18043	0.0259773996622938
18045	0
18047	0.0440237728373322
18049	0.0496548984557327
18051	0.0593418983473281
18053	0.0597576825970689
18055	0.0310452950855298
18057	0.0221257819093285
18059	0.0406961759160031
18061	0.050218450258625
18063	0.0311313118734823
18065	0.0412192658848746
18067	0.0121112295320221
18069	0.0274725274725275
18071	0.0454411196691887
18073	0.0598211348069273
18075	0.0950299344293452
18077	0.0308470602751558
18079	0.0360256502629872
18081	0.0131594530931295
18083	0.052988554472234
18085	0.0379305113032924
18087	0.0767067246228586
18089	0.0164661230101719
18091	0.0454483479525519
18093	0.0219693308141834
18095	0.0386709565647816
18097	0.0201863733480375
18099	0.0429590170976888
18101	0
18103	0
18105	0.0274921647330511
18107	0.0262646425382151
18109	0.0143476139917932
18111	0
18113	0.0629749359754818
18115	0.16857720836143
18117	0.155159038013964
18119	0.0479846449136276
18121	0.119047619047619
18123	0.105451861225351
18125	0.0804440511624165
18127	0.0178793856643086
18129	0.0785052598524101
18131	0
18133	0.0534245111657228
18135	0
18137	0.104000554669625
18139	0.0600636674875368
18141	0.0185776228816866
18143	0.0421407501053519
18145	0.0225611406912734
18147	0
18149	0.0434612542917989
18151	0.0293117598780631
18153	0
18155	0.0949938254013489
18157	0.0212699206100213
18159	0.0658674746410223
18161	0
18163	0.01650882396641
18165	0
18167	0.00926517867897082
18169	0.0629683269315534
18171	0
18173	0.032001024032769
18175	0.0361402240693892
18177	0.0300444658093979
18179	0.0357794554366882
18181	0.0416684028501188
18183	0
19001	0.282007896221094
19003	0.270782561603033
19005	0.144050705848459
19007	0
19009	0.17611835153223
19011	0.194560099614771
19013	0.0451453680852345
19015	0.0376903361977989
19017	0.120977498185338
19019	0.0476371951219512
19021	0.0491835530198702
19023	0
19025	0.203128173877717
19027	0.0978617213876792
19029	0.304020673405792
19031	0.162566381272353
19033	0.0696540515439981
19035	0
19037	0.0831739166597355
19039	0.107422924051993
19041	0.122451478601604
19043	0.341102899374645
19045	0.0634128812699486
19047	0.118063754427391
19049	0.047328316531781
19051	0.112866817155756
19053	0.122835032551284
19055	0.115426790558089
19057	0.0754925891441657
19059	0.0579945485124398
19061	0.0309268785501479
19063	0.10354110581901
19065	0.199461454074
19067	0.126000126000126
19069	0.0983284169124877
19071	0.143884892086331
19073	0.110975474420153
19075	0.0812149760415821
19077	0.188235294117647
19079	0.0663305916688777
19081	0.369173973234887
19083	0.232207128758853
19085	0.0706763728885434
19087	0.0505740150710565
19089	0.642948992713245
19091	0.105407399599452
19093	0.143163922691482
19095	0.122616639077923
19097	0.154067378800329
19099	0.0817260542661
19101	0.0552791597567717
19103	0.0272949975093315
19105	0.146778218112432
19107	0
19109	0.198491464867011
19111	0.115556839520439
19113	0.0451139352434574
19115	0.089750493627715
19117	0.115647045217995
19119	0.170154840905224
19121	0.0630994447248864
19123	0.0901672602677968
19125	0.0903913947392208
19127	0.0992260369120857
19129	0.0667913438418381
19131	0.278732695345164
19133	0
19135	0.254129606099111
19137	0.097799511002445
19139	0.0698649278062413
19141	0.21398002853067
19143	0.16490765171504
19145	0.129946072379962
19147	0.110533878633801
19149	0.119047619047619
19151	0.435666569851873
19153	0.0316425655792172
19155	0.0213716312966169
19157	0.0539578049964927
19159	0
19161	0
19163	0.0405858274290618
19165	0.0847457627118644
19167	0.0573098744913749
19169	0.0514986095375425
19171	0.115480108551302
19173	0
19175	0.0805152979066023
19177	0.412597992023106
19179	0.0857583900291579
19181	0.080497474391741
19183	0.0897625779812396
19185	0
19187	0.0543936468220512
19189	0.188129056532781
19191	0.0972715334857254
19193	0.0291888420786347
19195	0.264131008980454
19197	0.156506768917756
20001	0.0786534528865817
20003	0.127762872109365
20005	0.061050061050061
20007	0.213310580204778
20009	0.0373482726423903
20011	0.0684134911404529
20013	0.103263114415531
20015	0.0298396120850429
20017	0
20019	0
20021	0
20023	0
20025	0
20027	0
20029	0.218579234972678
20031	0.355745286374955
20033	0
20035	0.0559393617318826
20037	0.025533653355122
20039	0.353107344632768
20041	0.0524548887956358
20043	0
20045	0.0418620227729404
20047	0
20049	0
20051	0.0692209185615893
20053	0
20055	0.0272316322640379
20057	0.0294368726266521
20059	0.0391236306729264
20061	0.0843028157140449
20063	0
20065	0
20067	0
20069	0
20071	0.771604938271605
20073	0.325150382051699
20075	0.394321766561514
20077	0.351802990325418
20079	0.0572852519118953
20081	0
20083	0
20085	0.0752388834549695
20087	0.0529184526644441
20089	0
20091	0.0136880593924897
20093	0
20095	0
20097	0
20099	0.0489141068284093
20101	0
20103	0.01246820607451
20105	0
20107	0
20109	0
20111	0.0298418382572366
20113	0.104152201083183
20115	0.165125495376486
20117	0.203334688897926
20119	0
20121	0.030336124256765
20123	0
20125	0.0916142429609723
20127	0
20129	0
20131	0.195293428376135
20133	0.12386968908708
20135	0
20137	0.182049881667577
20139	0.126238717414631
20141	0.274574409665019
20143	0
20145	0
20147	0
20149	0
20151	0
20153	0
20155	0.0158177791838026
20157	0.425622472866567
20159	0.101719051978436
20161	0.0272691327052343
20163	0
20165	0.327011118378025
20167	0.143102461362335
20169	0.036269993834101
20171	0
20173	0.0136720085157082
20175	0.08807080893038
20177	0.0336802398033074
20179	0.398565165404544
20181	0.167644593461861
20183	0.275330396475771
20185	0.237642585551331
20187	0
20189	0
20191	0.0429700928154005
20193	0.126710593005575
20195	0
20197	0
20199	0
20201	0.360620266858997
20203	0.473484848484848
20205	0
20207	0
20209	0.0244154036781806
21001	0.103734439834025
21003	0
21005	0.0451304269338388
21007	0.124161907126893
21009	0.090923556020276
21011	0.0811227387036587
21013	0
21015	0.00777992157839049
21017	0.0499251123315027
21019	0.02077619878667
21021	0.0333133453261376
21023	0.119047619047619
21025	0.0752785305630834
21027	0.0500976904964681
21029	0
21031	0
21033	0
21035	0.0260165985899004
21037	0.065068158896444
21039	0.205973223480947
21041	0.0936417267534413
21043	0.0369740442209569
21045	0
21047	0.0276430180647123
21049	0.0279181440017868
21051	0
21053	0.0982607841210573
21055	0.108837614279495
21057	0
21059	0.0100327066235929
21061	0.082549116724451
21063	0.131787032156036
21065	0.0698958551757881
21067	0.0157011012752434
21069	0.0689322396084649
21071	0.0269469145782808
21073	0.0197784810126582
21075	0
21077	0.116157509582995
21079	0.115660421003932
21081	0.160494322513341
21083	0.0537894680221613
21085	0.0381912618392912
21087	0
21089	0.0278605856295099
21091	0
21093	0.0279548250027955
21095	0
21097	0.0536308055346991
21099	0.0536855102807752
21101	0.021620219229023
21103	0.0632191174611202
21105	0
21107	0
21109	0.0748055056852184
21111	0.0222120017978656
21113	0.019099642836679
21115	0.0435198885890852
21117	0.012125253872503
21119	0
21121	0
21123	0
21125	0.016597510373444
21127	0.0630397780999811
21129	0
21131	0
21133	0.0439116497606815
21135	0.074393691414968
21137	0.0410306909568357
21139	0
21141	0.0376038807204904
21143	0
21145	0.0153463675148092
21147	0
21149	0.105540897097625
21151	0.011167319954884
21153	0
21155	0.0520697734964853
21157	0
21159	0
21161	0
21163	0.0355542914029723
21165	0
21167	0.0465614378171998
21169	0.0998203234178479
21171	0.0944465432565168
21173	0.0360087861438191
21175	0
21177	0.0644579089854325
21179	0.0219495599113238
21181	0
21183	0.0410205923373534
21185	0.0152532031726663
21187	0.0939672993798158
21189	0.445335114673792
21191	0.0686813186813187
21193	0.0365724317009838
21195	0.0330278259433573
21197	0.08124796880078
21199	0.0312714991556695
21201	0.464037122969838
21203	0.118694362017804
21205	0.0408981227761646
21207	0.0564270398374901
21209	0.0185281256948047
21211	0.0430960179279435
21213	0.0553005585356412
21215	0.109445113275692
21217	0.0393747292987361
21219	0.0813338755591704
21221	0.0701065619742008
21223	0
21225	0
21227	0.031864385176688
21229	0.0820411846747067
21231	0.0488925829951596
21233	0
21235	0
21237	0.139684313451599
21239	0.0382789771857296
22001	0
22003	0.0389347453667653
22005	0
22007	0
22009	0.072962521584746
22011	0.0812413681046389
22013	0
22015	0.0158658384698985
22017	0.00803693776597241
22019	0.0149550600445661
22021	0
22023	0
22025	0
22027	0
22029	0
22031	0.0368337691996022
22033	0.0156586591266495
22035	0.137532664007702
22037	0
22039	0.0296656679225133
22041	0
22043	0
22045	0.0409427756472371
22047	0
22049	0
22051	0.00687249010934132
22053	0.0955018622863146
22055	0.0248552183530932
22057	0.0203448451248665
22059	0.066436353972894
22061	0.0209446015289559
22063	0.0071358232599295
22065	0
22067	0
22069	0.0255349573566212
22071	0.0255431103845515
22073	0.0127402330188619
22075	0
22077	0
22079	0.0075515012384462
22081	0
22083	0
22085	0.0417066355257121
22087	0.0218875853615829
22089	0.0377907526028381
22091	0
22093	0
22095	0
22097	0.0119213666654745
22099	0.0370322365619272
22101	0.0191964371412666
22103	0.0197159328396464
22105	0.00765052406089817
22107	0
22109	0.0176647235470765
22111	0.0444701383021301
22113	0.0166099161199236
22115	0.0395499218889043
22117	0
22119	0
22121	0
22123	0
22125	0.0651720542231491
22127	0.0695603784084585
23001	0.0559080871047997
23003	0.0441442634529643
23005	0.0582110046192144
23007	0.16666111129629
23009	0.183759348756868
23011	0.0663520473753618
23013	0.100644122383253
23015	0.0292260930558803
23017	0.104863939039097
23019	0.0461114843945562
23021	0.0593718458706881
23023	0.0567005925211918
23025	0.0785623097319061
23027	0.177827456559293
23029	0.158982511923688
23031	0.0494210326030552
24001	0.0415915707749896
24003	0.0281518652370211
24005	0.0204566403457894
24009	0.0438351360533035
24011	0.060882800608828
24013	0.0298229708450637
24015	0.0194926074286327
24017	0.0253638121809708
24019	0.031000062000124
24021	0.0525059473082624
24023	0.0339847068819031
24025	0.0119506676439657
24027	0.0189135430424956
24029	0.0506842372022301
24031	0.0201175824796932
24033	0.0231265052877102
24035	0.0613133315620593
24037	0.0355280805066304
24039	0.115705029311941
24041	0.0268254734696067
24043	0.0266148564128497
24045	0.0292463222749739
24047	0.0583158385817588
24510	0.0325381021175797
25001	0.0840038081726371
25003	0.149720652782046
25005	0.0447768679118218
25007	0.173953380494028
25009	0.0308080172730284
25011	0.156289960501265
25013	0.0384231973650225
25015	0.0803381618628566
25017	0.0377412135309799
25019	0.272529069767442
25021	0.0315556505412511
25023	0.035049117443751
25025	0.035703811381865
25027	0.0732074246970128
26001	0.289799072642967
26003	0.108471634667534
26005	0.0432720600962371
26007	0.0696767001114827
26009	0.216038714137573
26011	0.132257637878587
26013	0.117605550982006
26015	0.0334997152524204
26017	0.0190936255930957
26019	0.284543592078306
26021	0.0389585091877151
26023	0
26025	0.0595300105665769
26027	0.0193802205469098
26029	0.114617559410102
26031	0.0787370575961576
26033	0.0530166472272294
26035	0.0988207391791291
26037	0.0641947411668036
26039	0.145518044237485
26041	0.0552455665432849
26043	0.0391619345995692
26045	0.0458043239281788
26047	0.120547284672413
26049	0.0146837487610587
26051	0.039805747950004
26053	0
26055	0.076017549194214
26057	0.072811999417504
26059	0.021846463057631
26061	0.109424155382301
26063	0.0317651917029319
26065	0.0416592895008176
26067	0.0467056918669822
26069	0.157934220397205
26071	0.0893255917820456
26073	0.0280575741421397
26075	0.0189322226429383
26077	0.0420402516300152
26079	0.115854718183398
26081	0.03114425551993
26083	0
26085	0
26087	0.0565995019243831
26089	0.275671950379049
26091	0.040607488020791
26093	0.031809313767071
26095	0.157282164202579
26097	0.0924214417744917
26099	0.00806702545722748
26101	0.0410290075083084
26103	0.0602092270640476
26105	0.0692616705914947
26107	0.0462738020869485
26109	0.257720888277995
26111	0.023963001126261
26113	0
26115	0.0335102675459761
26117	0.0793978467303967
26119	0.10901558922926
26121	0.0288337331610998
26123	0.0417205557178022
26125	0.0225085813966575
26127	0.0384216390671226
26129	0.0956754688097972
26131	0.169176112332939
26133	0.129813933362181
26135	0
26137	0.0408663669799755
26139	0.0283436669619132
26141	0.156715248393669
26143	0.0421940928270042
26145	0.0259975250356166
26147	0.0187985236892729
26149	0.032866087127997
26151	0.0482986790311285
26153	0.124984376952881
26155	0.131283367855997
26157	0.0374967190370843
26159	0.0797628384935459
26161	0.0466125047640722
26163	0.0160057986722047
26165	0.0301540873865452
27001	0
27003	0.0173431958306957
27005	0.0592873658623347
27007	0.0433783021732529
27009	0
27011	0
27013	0.0150509474571424
27015	0
27017	0.0279814203368963
27019	0.00997386846462269
27021	0.137964336219087
27023	0.0824198466990852
27025	0.109593044494776
27027	0.047713717693837
27029	0.113288773082588
27031	0.189178963299281
27033	0
27035	0.0312793243665937
27037	0.0191623192154947
27039	0.0487662147664098
27041	0.0533959846219564
27043	0
27045	0.0952244917392753
27047	0.0328450371148919
27049	0.0428485731425143
27051	0
27053	0.0357002895780307
27055	0.0531519081535027
27057	0.096534414518776
27059	0.051249199231262
27061	0.0221033552893329
27063	0
27065	0.0631711939355654
27067	0.0705965407695023
27069	0
27071	0
27073	0.297840655249442
27075	0
27077	0.262191924488726
27079	0.0362437026566634
27081	0.345841258862182
27083	0.0389120199229542
27085	0.083700686345628
27087	0.182982616651418
27089	0.214500214500214
27091	0
27093	0.043271311120727
27095	0.0773215804531045
27097	0.060936595472411
27099	0.0510686106784465
27101	0.120062432464882
27103	0.0297840655249442
27105	0
27107	0
27109	0.0261263732674949
27111	0
27113	0.0702493853178785
27115	0.0346332340513957
27117	0
27119	0.126342387871131
27121	0.181011856276586
27123	0.0240451753355689
27125	0
27127	0
27129	0
27131	0.045716375605742
27133	0.104558762024258
27135	0.0639959042621272
27137	0.055005500550055
27139	0.00695991091314031
27141	0.0106919852878282
27143	0.134889053753288
27145	0.0385475291033845
27147	0.0543404428746094
27149	0.103167234086454
27151	0.106168383055526
27153	0.0412660421738951
27155	0
27157	0.0470079443425939
27159	0.145338274834678
27161	0
27163	0.0237044528814738
27165	0.183351668500183
27167	0
27169	0.0392557117060532
27171	0.02263296869106
27173	0.100654252642174
28001	0.0320020481310804
28003	0.0536135535063264
28005	0
28007	0.052815041723883
28009	0
28011	0.0610929529278798
28013	0.0684462696783025
28015	0.0975134080936129
28017	0
28019	0.242659548653239
28021	0
28023	0
28025	0.0503778337531486
28027	0.0840018480406569
28029	0.0702197879362404
28031	0
28033	0.011388808218164
28035	0.0658076573790126
28037	0
28039	0
28041	0
28043	0.141010575793184
28045	0
28047	0.0344430557879095
28049	0.0207271928333658
28051	0
28053	0
28055	0
28057	0.0850014875260317
28059	0.0212402914167982
28061	0
28063	0
28065	0
28067	0.0147160537430283
28069	0
28071	0.05576622797234
28073	0
28075	0.0128609092662851
28077	0
28079	0
28081	0.0117122076340169
28083	0
28085	0.0289661964487443
28087	0.0167779604711251
28089	0.0285404418060392
28091	0.0396023919844759
28093	0.0279321806653445
28095	0.027876118529256
28097	0
28099	0.034010135020236
28101	0
28103	0.0905961224859576
28105	0.0401340477193827
28107	0.0292705772157827
28109	0.0180799132164166
28111	0
28113	0.050419744371896
28115	0
28117	0.0395945517896737
28119	0.13607293509321
28121	0
28123	0
28125	0
28127	0
28129	0
28131	0.0555185431934266
28133	0.0378687469231643
28135	0
28137	0.0354597354703734
28139	0.0450653447498873
28141	0.102611461700272
28143	0
28145	0.0353219596623221
28147	0.068497842317967
28149	0.0212134068731438
28151	0.0423450699752281
28153	0
28155	0.102385584109757
28157	0
28159	0.0550660792951542
28161	0.0801860315932964
28163	0.0366784037558685
29001	0.0394337316140226
29003	0
29005	0
29007	0.0384304984435648
29009	0.055972237770066
29011	0.0839771582129661
29013	0
29015	0.0530813737459526
29017	0.0829737802854298
29019	0.0566270654722131
29021	0.022487575614473
29023	0.0935913334425232
29025	0.110350915912602
29027	0.0665513110608279
29029	0.0898937006989235
29031	0.0633609164522956
29033	0.224391338494334
29035	0
29037	0.0486168506004181
29039	0.142694063926941
29041	0
29043	0.0592410042535041
29045	0.148743120630671
29047	0.0334609030261204
29049	0.0485201358563804
29051	0.0652477456903864
29053	0.0564588979223126
29055	0.123446629907004
29057	0
29059	0.1215953307393
29061	0
29063	0
29065	0.064989926561383
29067	0.074861506213505
29069	0.0327493040772884
29071	0.077792255780937
29073	0.20259319286872
29075	0
29077	0.0277113859156881
29079	0.0983767830791933
29081	0.116877045348294
29083	0.138927479855515
29085	0.107886503398425
29087	0
29089	0.0994233446013124
29091	0.0994777418552599
29093	0.0997804829375374
29095	0.0274645454400904
29097	0.0251865906591331
29099	0.0222989305432911
29101	0.0741537206629343
29103	0
29105	0.0563539025077487
29107	0.214605432583236
29109	0.15632734946979
29111	0
29113	0.0361879602656196
29115	0.164419598816179
29117	0.0656383327863472
29119	0.13262599469496
29121	0.0659195781147001
29123	0.160732942216507
29125	0
29127	0.0346092614383609
29129	0.270343336036767
29131	0.0793461874156947
29133	0.0724690194941663
29135	0
29137	0.233699462491236
29139	0.0860585197934596
29141	0.0989462227279474
29143	0
29145	0.0340750332231574
29147	0.0441111601235113
29149	0.0926869960144592
29151	0.0731850117096019
29153	0.108260257659413
29155	0
29157	0
29159	0.0236893847866771
29161	0.0672525107604017
29163	0.162707452001302
29165	0.0305160259996541
29167	0.0319642000958926
29169	0.0569757283397273
29171	0.206058108386565
29173	0
29175	0.120052823242227
29177	0.0439483167794673
29179	0
29181	0.072374610986466
29183	0.0127904061721384
29185	0
29186	0.110926234054354
29187	0.0150089303135366
29189	0.0170241572791792
29195	0.0435161009573542
29197	0.227583067819754
29199	0.40551500405515
29201	0.0258097819073429
29203	0.244857982370225
29205	0.164419598816179
29207	0.0337974854670813
29209	0.0966276934969562
29211	0
29213	0.0730793824792181
29215	0.0775945683802134
29217	0.0482555614534575
29219	0.118336193124667
29221	0
29223	0
29225	0.0262425864693224
29227	0.494071146245059
29229	0.109373291042327
29510	0.028901362859822
30001	0.106371662589086
30003	0.0749456643933148
30005	0
30007	0
30009	0.0956022944550669
30011	0
30013	0.0244633355758058
30015	0.173641257162702
30017	0.0838644750083865
30019	0
30021	0.214431221185805
30023	0.110071546505228
30025	0
30027	0.0876193814071673
30029	0.0509777533084562
30031	0.0765535587835639
30033	0
30035	0
30037	0
30039	0
30041	0.0604521823237819
30043	0.168733653927276
30045	0.515463917525773
30047	0.067208817796895
30049	0.0148628162064148
30051	0.8302200083022
30053	0.103847551793966
30055	0.588235294117647
30057	0.504795557799091
30059	0
30061	0
30063	0.051666236114699
30065	0
30067	0.124115675809855
30069	0
30071	0
30073	0
30075	0
30077	0.145815106445028
30079	0
30081	0.0950389659760502
30083	0.0870928409684724
30085	0.0884564352056612
30087	0
30089	0.346800762961678
30091	0
30093	0.0289410470870836
30095	0.106315118009781
30097	0.276014352746343
30099	0.165125495376486
30101	0.200924251557163
30103	1.44508670520231
30105	0.265287173365168
30107	0
30109	0
30111	0.0189349709979361
31001	0.0631233430122459
31003	0.474008532153579
31005	0
31007	1.2531328320802
31009	0
31011	0
31013	0.0893335715561908
31015	0
31017	0.675675675675676
31019	0.080999534252678
31021	0
31023	0.124192747143567
31025	0.038809329762875
31027	0.115326951908661
31029	0
31031	0.171467764060357
31033	0.0994925878022087
31035	0.162258640272595
31037	0.096024582293067
31039	0.221827861579414
31041	0.0925326177477561
31043	0.0488639139995114
31045	0.111370976723466
31047	0.211505922165821
31049	0
31051	0
31053	0.0544114046304105
31055	0.0162163623095704
31057	0
31059	0.174825174825175
31061	0
31063	0.381533765738268
31065	0
31067	0.137620991788614
31069	0
31071	0.497265042267529
31073	0
31075	0
31077	0
31079	0.0324122842557329
31081	0
31083	0.575871004894904
31085	0
31087	0
31089	0
31091	0
31093	0
31095	0.13933398355859
31097	0
31099	0.305250305250305
31101	0.124719381391868
31103	0
31105	0
31107	0.116672500291681
31109	0.0226071173664646
31111	0.0562587904360056
31113	0
31115	0
31117	0
31119	0.0856775667571041
31121	0
31123	0.208899101733863
31125	0
31127	0.286902883373978
31129	0
31131	0.0621851874883403
31133	0
31135	0
31137	0.107921433196633
31139	0.139684313451599
31141	0.0304312102492316
31143	0.192196809532962
31145	0.0932661816825219
31147	0
31149	0.719424460431655
31151	0
31153	0.0111717488814286
31155	0.142599106378933
31157	0.0823677996815112
31159	0.0578569775514927
31161	0.382116927779901
31163	0.327439423706614
31165	0
31167	0
31169	0.588119976475201
31171	0
31173	0
31175	0.239005736137667
31177	0.0485366208804543
31179	0.106780565936999
31181	0.277546489036914
31183	0
31185	0.0724952878062926
32001	0.123977188197372
32003	0.00510283606350526
32005	0.0624739691795085
32007	0.019168839135102
32009	0
32011	0.521648408972353
32013	0.0593753710960694
32015	0
32017	0.593471810089021
32019	0.0564132458301209
32021	0.224769611148573
32023	0
32027	0
32029	0.246852628980499
32031	0.0176360622200275
32033	0.103284445362528
32510	0.0365350188155347
33001	0.263248819493575
33003	0.148025967984098
33005	0.0659856943014754
33007	0.0936358812697026
33009	0.0900009000090001
33011	0.0392386716728672
33013	0.0942240648261566
33015	0.0461663770276108
33017	0.0784756882317858
33019	0.0697609524695377
34001	0.0184507972589496
34003	0.0127774979742342
34005	0.0178061092760926
34007	0.0235224933842987
34009	0.052949274594938
34011	0.0130041548274674
34013	0.013803246021528
34015	0.00342079157116957
34017	0.0117997058923306
34019	0.0401039494369406
34021	0.0377335097824124
34023	0.00836247256810338
34025	0.0159783716760992
34027	0.0260822634589495
34029	0.0202532671051499
34031	0.0118123025130674
34033	0.0157639195409547
34035	0.0179774742247963
34037	0.0210493818498197
34039	0.0107985529938988
34041	0.0375174690715364
35001	0.0118176594239186
35003	0
35005	0.0153181581446647
35006	0
35007	0.163225332571615
35009	0.0198886237072395
35011	0
35013	0.0233419075940562
35015	0.0173547838461672
35017	0.0707213578500707
35019	0
35021	0
35023	0
35025	0
35027	0.205877811518864
35028	0.0551055270843666
35029	0
35031	0.0266940725811833
35033	0.22202486678508
35035	0.0917290934107935
35037	0.119545726240287
35039	0.0749250749250749
35041	0.0524054082381302
35043	0.0492870973420173
35045	0.0260690482190495
35047	0.0720461095100865
35049	0.0336358315786641
35051	0.0893575194352605
35053	0.117460503905562
35055	0.120973839407228
35057	0.0653509345183636
35059	0.23906287353574
35061	0.0264459312934705
36001	0.0518057543241616
36003	0.127450772139261
36005	0.0281647569587558
36007	0.0409554916194825
36009	0.0514952946174543
36011	0.0770604025121691
36013	0.0617741536940944
36015	0.046338129329719
36017	0.102925132258795
36019	0.0740073760684815
36021	0.131171194805621
36023	0.0832119825254837
36025	0.197702260395844
36027	0.0475425590801194
36029	0.0249716083670088
36031	0.262453414518923
36033	0.158701819119602
36035	0.0557330757226722
36037	0.0683971136418043
36039	0.0841963458785889
36041	0.440334654337296
36043	0.0798556210371648
36045	0.140343490693472
36047	0.0174961489454767
36049	0.148892611204169
36051	0.108937547660177
36053	0.112156345946249
36055	0.0387842086750913
36057	0.162350840165598
36059	0.017627616599339
36061	0.0279850632766616
36063	0.037778974111958
36065	0.0778580388425105
36067	0.0321754462734398
36069	0.0728411698291874
36071	0.0421929801429287
36073	0.0483722730131089
36075	0.0420213972955029
36077	0.13311812569679
36079	0.0303336703741153
36081	0.00857245481673377
36083	0.0624726682076591
36085	0.00840309654107539
36087	0.024481302405288
36089	0.127228775513913
36091	0.0528510964400382
36093	0.0258810893350501
36095	0.127726155123415
36097	0.221006685452235
36099	0.115018546740662
36101	0.061893955023726
36103	0.0154095283143383
36105	0.106950441839013
36107	0.0615258408531583
36109	0.0572131475813142
36111	0.0781141023852699
36113	0.1084145151548
36115	0.113268608414239
36117	0.0660807506773277
36119	0.0338620603319303
36121	0.0980608467554117
36123	0.120370741885006
37001	0.0250488452482341
37003	0.0267179651597734
37005	0.0921828908554572
37007	0.0785916378497328
37009	0.0371415837171297
37011	0.0570906599680292
37013	0.0210411143374153
37015	0
37017	0
37019	0.0236307924980111
37021	0.0663834306956984
37023	0.0337643920721207
37025	0.0248028176000794
37027	0.0368328647374431
37029	0
37031	0.0290317898098418
37033	0.0436490615451768
37035	0.0383487047724963
37037	0.0553686862394973
37039	0.0716717434151586
37041	0.0695265243690468
37043	0.183234081539166
37045	0.0205879930824343
37047	0.0353950977789576
37049	0.0193339455749432
37051	0.00305691673264512
37053	0
37055	0.0556111667222778
37057	0.018189976110498
37059	0.07140646942613
37061	0
37063	0.0195942680234609
37065	0.0187553921752504
37067	0.0161502620380016
37069	0.0154547562012209
37071	0.0230451916207683
37073	0
37075	0.116849731245618
37077	0.0508207551964222
37079	0.0472411186696901
37081	0.0076726833291773
37083	0.0193176988757099
37085	0.0229215852568364
37087	0.0659174054909199
37089	0.0350235095307725
37091	0
37093	0.0187751117119147
37095	0
37097	0.0462652386129682
37099	0.0946947278710258
37101	0.0156698876991382
37103	0
37105	0
37107	0.0174498752333921
37109	0.0369603784742756
37111	0.0221852468108708
37113	0.0581801256690714
37115	0.14058106841612
37117	0.0863110650785431
37119	0.0151682490626496
37121	0.132222662964432
37123	0.0729447808009337
37125	0.0313230872034748
37127	0.01063773203553
37129	0.0178984531261886
37131	0
37133	0.021374829001368
37135	0.0423143106998787
37137	0.0779970361126277
37139	0.0250852899859522
37141	0.016923337282112
37143	0
37145	0.025455656246818
37147	0.0338562239024941
37149	0.0983574309039048
37151	0.02091816812629
37153	0.0222523865684595
37155	0.00750553533230758
37157	0.0437670281093738
37159	0.0285851085876812
37161	0.0451664383252285
37163	0.0158418351181801
37165	0.0283736238792419
37167	0.0328996068496981
37169	0.0433867713734083
37171	0.055468500825094
37173	0.209117524048515
37175	0.0298667940983215
37177	0
37179	0.0088258916357025
37181	0.0226019347256125
37183	0.0133742074587955
37185	0.0502335861757171
37187	0.0820008200082001
37189	0.0741812247320203
37191	0.00805477245267821
37193	0.0145475705557172
37195	0.0367372429923709
37197	0.0799317915378877
37199	0.0565674850096165
38001	0
38003	0.0915248032216731
38005	0.148389968838107
38007	0
38009	0.151998784009728
38011	0.308546744831842
38013	0.909918107370337
38015	0.0529173325431012
38017	0.0228246666172132
38019	0.261301280376274
38021	0
38023	0.414421881475342
38025	0.229042601923958
38027	0
38029	0
38031	0
38033	0.550357732526142
38035	0.0281361225609499
38037	0
38039	0.439174352217831
38041	0
38043	0
38045	0.486499635125274
38047	0
38049	0.503102465202079
38051	0.376506024096386
38053	0.0792330243245385
38055	0.102785486689279
38057	0.345065562456867
38059	0.0973741439189847
38061	0.195274360476469
38063	0
38065	0
38067	0.424388173716226
38069	0.234356690883525
38071	0.173205161513813
38073	0.370096225018505
38075	0.392156862745098
38077	0.0611508591695713
38079	0.0682174773176888
38081	0
38083	0.75642965204236
38085	0.223763705526963
38087	0
38089	0.03205230936889
38091	0
38093	0.141991669822037
38095	0.441891294741494
38097	0
38099	0
38101	0.0569719413189004
38103	0.244021473889702
38105	0.0873693100736815
39001	0
39003	0.0578357849279944
39005	0.0372772683217774
39007	0.0712606000142521
39009	0.03021787084882
39011	0.0435786813091036
39013	0.0582470548832875
39015	0.0914097671336182
39017	0.0132437350511341
39019	0.0722830604647801
39021	0.077425349059282
39023	0.0148383363257312
39025	0.0147767237048202
39027	0.0238652092978855
39029	0
39031	0.0546418228512103
39033	0.0475251289119122
39035	0.0248128629881731
39037	0.019313221831666
39039	0.0786204727711096
39041	0.0254500847487822
39043	0.0133143382108192
39045	0.0196596263360354
39047	0.0348723671362812
39049	0.0229336395369619
39051	0.0470433269040787
39053	0.0666333499916708
39055	0.0212630236019562
39057	0.078900251873881
39059	0.0511993446483885
39061	0.0185391404512921
39063	0.0395402783635597
39065	0.0635445129313084
39067	0.0653295877703012
39069	0
39071	0.0929605614817914
39073	0
39075	0.159322651128915
39077	0.0342237204606513
39079	0
39081	0.0449748141041017
39083	0.0493307462097543
39085	0.0349934824638911
39087	0
39089	0.0406508786397055
39091	0.0221410384147016
39093	0.0163204021347086
39095	0.00924881152771869
39097	0.0690941753610171
39099	0.021738374317415
39101	0.0153619270001229
39103	0.0338560328629226
39105	0
39107	0.0244444987655528
39109	0.0573180867222652
39111	0
39113	0.0225887030131447
39115	0.135098621994056
39117	0.0570841420253454
39119	0.0348561602453874
39121	0
39123	0.0246087213308396
39125	0
39127	0.0835026581679517
39129	0.0173716668114306
39131	0.142045454545455
39133	0.0247034047467592
39135	0.0484883749121148
39137	0.0293634014564247
39139	0.0578001271602798
39141	0.012987012987013
39143	0.0168548794876117
39145	0.0131426769004311
39147	0.0180658681552942
39149	0.020566398617938
39151	0.0401486033639177
39153	0.0296131778641495
39155	0.0198191502539329
39157	0.0108201687946332
39159	0.036063977496078
39161	0.0705168887948664
39163	0
39165	0.0132121922109723
39167	0.0494967827091239
39169	0.0515154116939985
39171	0.0270146149066645
39173	0.0307174836237415
39175	0.0904240889773036
40001	0
40003	0
40005	0
40007	0
40009	0.0444069452462365
40011	0
40013	0
40015	0
40017	0.0146485805525445
40019	0.0205947771645111
40021	0.0205338809034908
40023	0.0671817265703729
40025	0
40027	0.0035886669896467
40029	0
40031	0.00818759415733281
40033	0
40035	0.0683760683760684
40037	0
40039	0.0341378486327792
40041	0
40043	0
40045	0
40047	0.0159736753829689
40049	0
40051	0.036593175372793
40053	0.223964165733483
40055	0.166722240746916
40057	0
40059	0
40061	0.0784498313328626
40063	0
40065	0.0392203004275013
40067	0
40069	0
40071	0.0445008121398215
40073	0
40075	0.110168557893577
40077	0.096024582293067
40079	0.0401018587211517
40081	0
40083	0
40085	0
40087	0.051703634765524
40089	0.0609347388946438
40091	0.0504668180671209
40093	0
40095	0
40097	0.0244379276637341
40099	0
40101	0.0143932524432546
40103	0.0878425860857344
40105	0.191957001631635
40107	0
40109	0.0153262577110234
40111	0.0255017468696606
40113	0
40115	0
40117	0
40119	0.0493029791325141
40121	0
40123	0.026089225150013
40125	0.0276663438926546
40127	0
40129	0
40131	0
40133	0
40135	0
40137	0
40139	0
40141	0
40143	0.0171089059632314
40145	0.012873492192227
40147	0.0191986484151516
40149	0
40151	0.108683838713183
40153	0.0480445853752282
41001	0.0622703779811943
41003	0.022375118867819
41005	0.0416603359293441
41007	0.10354110581901
41009	0.039381707197007
41011	0.0470507049763962
41013	0.0443066016836509
41015	0.0880552987276009
41017	0.0110310136950035
41019	0.0645417077735877
41021	0.539374325782093
41023	0.279407655769768
41025	0.13713658804169
41027	0.172176308539945
41029	0.0415652551413911
41031	0.0433275563258232
41033	0.0465636058856398
41035	0.0602019776349653
41037	0.255199693760367
41039	0.0351808702664816
41041	0.125507258503117
41043	0.0325602976011201
41045	0.0657051808535103
41047	0.0297339406986287
41049	0
41051	0.0350102404953449
41053	0.0244430050230375
41055	1.16959064327485
41057	0.153004628390009
41059	0.0653970911373862
41061	0.0383332694445509
41063	0.431903253671178
41065	0.114876507754164
41067	0.0240228285507885
41069	0
41071	0.0380825439139334
42001	0.0293599530240752
42003	0.0204020842769297
42005	0
42007	0.0238907238292052
42009	0.041386445938955
42011	0.0120536532212183
42013	0.0401123144805455
42015	0
42017	0.0175606921466988
42019	0.0107039449389072
42021	0.0296885669328741
42023	0
42025	0.0157247539076013
42027	0.074319972253877
42029	0.0213049473961481
42031	0.0259652584841482
42033	0.0372226909524046
42035	0.0254887467183239
42037	0.0301114122252334
42039	0.0347797859883835
42041	0.0281683339637675
42043	0.0219212515573222
42045	0.0106495894583264
42047	0
42049	0.0217228383060531
42051	0.0452035288888219
42053	0.136593361562628
42055	0.0129995905128988
42057	0.136612021857924
42059	0.0537677769712611
42061	0.043826971118026
42063	0.0231577972303275
42065	0.0226896285707803
42067	0
42069	0.0283928241869005
42071	0.0241411327762303
42073	0.0572777052260178
42075	0.021604026990631
42077	0.0165222347974787
42079	0.00948217824598667
42081	0.0433847008191032
42083	0
42085	0.035425504592031
42087	0.0647360925294549
42089	0.024082168358439
42091	0.0170373300069975
42093	0
42095	0.0231562650929228
42097	0.0216120422299305
42099	0
42101	0.0318903583966038
42103	0.0179979122421799
42105	0.118448326917382
42107	0.0208952936833527
42109	0.0247108826727291
42111	0.0133224977018691
42113	0.162946064852534
42115	0
42117	0.048231123544023
42119	0.0438933391857786
42121	0.038035829751626
42123	0.0249843847595253
42125	0.0144243945360393
42127	0.0197199763360284
42129	0.0281327189147522
42131	0.0363358889575233
42133	0.0202819643758563
44001	0.101901481647543
44003	0.0303740872586779
44005	0.0603981445689988
44007	0.0378744241903947
44009	0.11085772203218
45001	0.0804117079446767
45003	0.00597164662183951
45005	0.110558319513543
45007	0.0254363607689921
45009	0
45011	0.0930968672904157
45013	0.0436802821746229
45015	0.0189665146184411
45017	0.0675858340091917
45019	0.0226995288586677
45021	0.017653497157787
45023	0
45025	0.0651989655097472
45027	0.058908426850461
45029	0.0527384436885268
45031	0.0148734271350805
45033	0
45035	0.00650309222035078
45037	0.0758782912208817
45039	0
45041	0.0144152455637082
45043	0.048860730630792
45045	0.0160395856975014
45047	0.0427758687066003
45049	0.100391526955125
45051	0.024818360623189
45053	0.0351308624626735
45055	0.0156013541975443
45057	0.0111614617050249
45059	0.0149752160174911
45061	0
45063	0.0314469803910607
45065	0.103702167375298
45067	0.0315198890499905
45069	0.0371126368528484
45071	0.0262611938338717
45073	0.0261934385436448
45075	0.045504704048781
45077	0.0406957342731335
45079	0.0439507848877668
45081	0.0495123038074962
45083	0.0165857833299609
45085	0.0279340012663414
45087	0.0361363061467857
45089	0.0312940071976217
45091	0.0154723316030109
46003	0
46005	0.0552455665432849
46007	0
46009	0
46011	0.0292954445583712
46013	0.0255571457779595
46015	0.190912562046583
46017	0
46019	0.0979911807937286
46021	0.725689404934688
46023	0.106428267347808
46025	0
46027	0.212977424393014
46029	0.0712682179382105
46031	0
46033	0.116333178222429
46035	0
46037	0
46039	0
46041	0
46043	0
46045	0
46047	0.14600671630895
46049	0
46051	0.139899272523783
46053	0.239750659314313
46055	0
46057	0.165892501658925
46059	0
46061	0
46063	0
46065	0.170454545454545
46067	0
46069	0.739644970414201
46071	0
46073	0.499001996007984
46075	0
46077	0
46079	0
46081	0.158221589335865
46083	0
46085	0
46087	0
46089	0
46091	0.208289939595917
46093	0.0722204167118044
46095	0.475737392959087
46097	0
46099	0.0266925762606904
46101	0
46103	0.0365724317009838
46105	0
46107	0
46109	0.0975134080936129
46111	0
46113	
46115	0
46117	0
46119	0
46121	0
46123	0
46125	0
46127	0
46129	0
46135	0.0442164839051999
46137	0
47001	0.0263379688158449
47003	0
47005	0
47007	0
47009	0.00777181938291754
47011	0.00957029380801991
47013	0
47015	0
47017	0
47019	0
47021	0.0250752256770311
47023	0
47025	0.0314891205088642
47027	0
47029	0.0283937647292655
47031	0.0548626604732819
47033	0.0693914370966623
47035	0.0170488449407553
47037	0.0204555748747096
47039	0
47041	0.0516502246784774
47043	0.0191681042744873
47045	0.0265195714437255
47047	0.0252589037635767
47049	0
47051	0.0239808153477218
47053	0.0202425052124451
47055	0.0341215409287883
47057	0
47059	0.0291481454492458
47061	0.0746881768616028
47063	0.0156776671631261
47065	0.0195673928964773
47067	0
47069	0
47071	0.07788465282916
47073	0.0176794017290455
47075	0
47077	0
47079	0.0309501702259362
47081	0.0823214653220827
47083	0
47085	0
47087	0
47089	0.0373587372746801
47091	0.225301340542976
47093	0.0197311304622346
47095	0
47097	0
47099	0.0464241777117523
47101	0.084005376344086
47103	0
47105	0
47107	0.0378429517502365
47109	0
47111	0.0426439232409382
47113	0.010239292260119
47115	0
47117	0.0626664577784741
47119	0.0111134572854269
47121	0
47123	0.0217533173809006
47125	0.0102179488489481
47127	0
47129	0.0463951006773685
47131	0.0327032507031199
47133	0
47135	0.125565042692115
47137	0
47139	0
47141	0.0131698515757727
47143	0.0308242401824795
47145	0
47147	0.0289163594303477
47149	0.0129764380326422
47151	0.0455643140292523
47153	0
47155	0.0206882997320865
47157	0.0128396763117602
47159	0.102843626266262
47161	0
47163	0.0191488954278821
47165	0.0111072235828571
47167	0.0163124153793452
47169	0
47171	0.112873186974434
47173	0.0522466039707419
47175	0
47177	0.0246816072662652
47179	0.0392341494036409
47181	0
47183	0.0596890202047333
47185	0.0375192286046599
47187	0.0182559206232571
47189	0.0150623959753278
48001	0
48003	0
48005	0.0113906892506066
48007	0.0388787372186151
48009	0
48011	0
48013	0
48015	0
48017	0
48019	0.0459221160911095
48021	0.024174150580784
48023	0
48025	0
48027	0.00881287619965277
48029	0.010369786589792
48031	0
48033	0
48035	0.0552577775321877
48037	0.0106541657788195
48039	0.00282330354748091
48041	0.00453685514275215
48043	0
48045	0
48047	0
48049	0.0261294452718769
48051	0
48053	0
48055	0.0242948422049999
48057	0
48059	0.0723589001447178
48061	0.0118445520982624
48063	0
48065	0
48067	0
48069	0
48071	0
48073	0
48075	0
48077	0.0981065437064652
48079	0
48081	0
48083	0
48085	0.00425719865685382
48087	0
48089	0
48091	0.00741905807638662
48093	0
48095	0
48097	0
48099	0
48101	0
48103	0
48105	0
48107	0
48109	0
48111	0
48113	0.00427187120385991
48115	0
48117	0.0531067445565587
48119	0
48121	0.00620208886352924
48123	0.0479271507308891
48125	0
48127	0
48129	0
48131	0
48133	0
48135	0
48137	0
48139	0.0118695066439563
48141	0.0155146446310976
48143	0
48145	0
48147	0
48149	0.0397630124458229
48151	0
48153	0
48155	0
48157	0.00269819234603777
48159	0.188554728009805
48161	0
48163	0
48165	0
48167	0.0151776851601701
48169	0
48171	0.0377059688548697
48173	0
48175	0
48177	0
48179	0
48181	0.0233945490700667
48183	0.00808113459129662
48185	0.0361389180007951
48187	0.0257624062087399
48189	0
48191	0
48193	0
48195	0
48197	0
48199	0
48201	0.00261442009547862
48203	0
48205	0
48207	0
48209	0.0244534650559984
48211	0
48213	0.0125154879162964
48215	0.00588343964708776
48217	0
48219	0
48221	0
48223	0.0274725274725275
48225	0
48227	0
48229	0
48231	0.0108609472918228
48233	0
48235	0
48237	0
48239	0
48241	0.0280520646319569
48243	0
48245	0.00785302282481084
48247	0
48249	0.0243019271428224
48251	0.0061246738611169
48253	0
48255	0
48257	0
48259	0.0470145745181006
48261	0
48263	0
48265	0.0194159676918298
48267	0
48269	0
48271	0.278551532033426
48273	0
48275	0
48277	0.020083950914824
48279	0.0753295668549906
48281	0.0481695568400771
48283	0
48285	0
48287	0
48289	0
48291	0
48293	0
48295	0
48297	0
48299	0
48301	0
48303	0.00989651543691466
48305	0
48307	0
48309	0.00806666290222398
48311	0
48313	0
48315	0
48317	0
48319	0
48321	0
48323	0
48325	0
48327	0
48329	0.0123027711992126
48331	0
48333	0
48335	0
48337	0.0515092201504069
48339	0.00359580944367434
48341	0.0452079566003617
48343	0
48345	0
48347	0.015196182718901
48349	0.0206087834635121
48351	0
48353	0
48355	0.011069600110696
48357	0
48359	0
48361	0
48363	0
48365	0
48367	0.00772552746038736
48369	0
48371	0
48373	0.0208698555805994
48375	0.00827595338983051
48377	0
48379	0
48381	0
48383	0
48385	0
48387	0
48389	0
48391	0
48393	0
48395	0
48397	0.010640788269595
48399	0
48401	0
48403	0
48405	0
48407	0
48409	0
48411	0
48413	0
48415	0
48417	0
48419	0
48421	0
48423	0.017754893692574
48425	0
48427	0
48429	0
48431	0
48433	0
48435	0
48437	0
48439	0.00644562470994689
48441	0.00732412934412422
48443	0
48445	0
48447	0
48449	0.0306823760432008
48451	0.00844694474008751
48453	0.0116732523265209
48455	0
48457	0
48459	0
48461	0
48463	0
48465	0
48467	0
48469	0.0108146690170547
48471	0.013989144423927
48473	0
48475	0
48477	0.0285257873117298
48479	0.00368741081075101
48481	0.0239607044447107
48483	0
48485	0.0227551995631002
48487	0.0775674837108284
48489	0
48491	0.0208050416289969
48493	0
48495	0
48497	0
48499	0.0226106224704366
48501	0
48503	0
48505	0
48507	0
49001	0
49003	0
49005	0.0244393212385848
49007	0.0490220108828864
49009	0
49011	0.0087647283956749
49013	0.0491714608841029
49015	0
49017	0.401123144805455
49019	0.104395030796534
49021	0.040050463584116
49023	0
49025	0.136351240796291
49027	0
49029	0
49031	0
49033	0
49035	0.00980956950258348
49037	0
49039	0.0680063926009045
49041	0
49043	0.0496191728483886
49045	0.0154242438264464
49047	0.0274929205729525
49049	0.00844168232598738
49051	0.0327568134171908
49053	0.0124808886392711
49055	0.370096225018505
49057	0.00403942478591049
50001	0.13528504559106
50003	0.138155895112044
50005	0.362641347707118
50007	0.0990521943156422
50009	0.161917098445596
50011	0.0613308800981294
50013	0.433588668882787
50015	0.157896814431769
50017	0.138317369203638
50019	0.260581468934966
50021	0.118023941999663
50023	0.153835635170245
50025	0.231776567389037
50027	0.180193167075105
51001	0.091055331289647
51003	0.0467823125432736
51005	0
51007	0.0774413381863239
51009	0.0316125565074448
51011	0.0646203554119548
51013	0.0478156922408172
51015	0.0133338666880009
51017	0.223413762287757
51019	0.0256541816316059
51021	0.153539075694764
51023	0.0601847672354127
51025	0.0615649818383304
51027	0
51029	0.0586579070858752
51031	0.0181976998107439
51033	0.0662734442308967
51035	0.0338627205309675
51036	0
51037	0
51041	0.0235981935582831
51043	0.0695700570474468
51045	0
51047	0.0399337100413314
51049	0
51051	0.0668091929449492
51053	0
51057	0.089903802930864
51059	0.0201993234104889
51061	0.0723913767392028
51063	0.0635687496026953
51065	0.0380647862662251
51067	0.0356703347660918
51069	0
51071	0.0593225366316664
51073	0.0537432149191165
51075	0.132345156167284
51077	0.0661944793804197
51079	0.0516235609932373
51081	0
51083	0.0571559213534522
51085	0.0191585562112039
51087	0.00918833326697315
51089	0
51091	0.451263537906137
51093	0.0546507815061755
51095	0.0134401376270093
51097	0.139684313451599
51099	0.0384852216748768
51101	0.0612219909391453
51103	0.0911410864017499
51105	0.0413582033996443
51107	0.0233193848864475
51109	0.0567601316835055
51111	0.0814796708221299
51113	0.0764642911760208
51115	0.113869278068777
51117	0.0323708403470154
51119	0.278344776396363
51121	0.0405671284558123
51125	0.201762055282803
51127	0.0472880313992529
51131	0.0823791086580443
51133	0.0818196694485354
51135	0.0641231163834562
51137	0.0562857062448991
51139	0.126828443392238
51141	0.111588461753055
51143	0.0162108710100994
51145	0.0351580353689836
51147	0.0432114769682828
51149	0.0264235698242833
51153	0.0175743063640957
51155	0.0877116042452416
51157	0
51159	0.113973102347846
51161	0.0212695813082919
51163	0.0893176134333691
51165	0.0125401284109149
51167	0.0365363536719035
51169	0.0911992704058368
51171	0.0694846554719166
51173	0.0643873543236109
51175	0
51177	0.022725551094614
51179	0.00692707864312384
51181	0.15281173594132
51183	0
51185	0.0948991696322657
51187	0.0255395224109309
51191	0.0368908400044269
51193	0.11368804001819
51195	0.101967982053635
51197	0.068927488282327
51199	0.0147110744968813
51510	0.0320903664719851
51515	
51520	0
51530	0.154990700557967
51540	0.0426330150068213
51550	0.00840548037320333
51570	0
51580	0.181225081551287
51590	0.0238674877082438
51595	0.188501413760603
51600	0
51610	0.0713572142143571
51620	0.120394895256441
51630	0.0353394352758243
51640	0.44280442804428
51650	0.01476995790562
51660	0.0376803948905385
51670	0
51678	0.14194464158978
51680	0.0124669625492445
51683	0.0482125207916496
51685	0
51690	0.0743770918557084
51700	0.0219991750309363
51710	0.0040797176835363
51720	0.25879917184265
51730	0.0313656608744746
51735	0
51740	0.0104984672237853
51750	0.0571984213235715
51760	0.0492897790921719
51770	0.0200682319887618
51775	0.0391404751653685
51790	0.0410458482124533
51800	0.0224031902142865
51810	0.011047233551774
51820	0.0456892219125508
51830	0.0657289338766925
51840	0.0363424916412269
53001	0.0519804553487889
53003	0
53005	0.0258149788833473
53007	0.0523985433204957
53009	0.0268204371731259
53011	0.0128474705471738
53013	0
53015	0.0285279573982503
53017	0
53019	0
53021	0.0110913930789707
53023	0
53025	0.0106899279498856
53027	0.0139610208298431
53029	0.0847088436032722
53031	0.096342207521115
53033	0.0200002790736615
53035	0.0339865035817999
53037	0.0445771853965141
53039	0.0938923055255622
53041	0.0389276723847092
53043	0.0966183574879227
53045	0.032155374770893
53047	0.0962602878182606
53049	0.141183114499506
53051	0.0762020879372095
53053	0.0243814088274632
53055	0.18360976803966
53057	0.040426581285727
53059	0.0868809730668984
53061	0.013966125796704
53063	0.022040907925109
53065	0.090011026350728
53067	0.0254340132692881
53069	0.241604252234839
53071	0.0165727543917799
53073	0.0138376383763838
53075	0.0204704100223127
53077	0.0120174974763255
54001	0.118828352444893
54003	0.00880863245981061
54005	0
54007	0.138207449381522
54009	0.130565347956652
54011	0.0208361548959755
54013	0.272628135223555
54015	0.112879557512135
54017	0.118863663378105
54019	0.0451232994156533
54021	0.12122681537156
54023	0.085236958745312
54025	0.113381898579892
54027	0.0429166130209004
54029	0.0675904021628929
54031	0
54033	0.043859649122807
54035	0.0343029637760703
54037	0.106443372126029
54039	0.0107387739541777
54041	0.0613158378809246
54043	0.0470987189148455
54045	0.029673590504451
54047	0
54049	0.0530616576461849
54051	0.0314534645991256
54053	0.0745573159366263
54055	0.0496130184560429
54057	0.0729634088504615
54059	0.0405728891954396
54061	0.0191164382252299
54063	0.074794315632012
54065	0.0567150635208711
54067	0.0395085140847853
54069	0.0470411139335779
54071	0.141823854772373
54073	0.263469898564089
54075	0.352899658863663
54077	0.0888678239232182
54079	0.0351240757977556
54081	0
54083	0.0689512514652141
54085	0.10126582278481
54087	0.211148648648649
54089	0.0776880049720323
54091	0.118630998279851
54093	0.433150447588796
54095	0.222915737851092
54097	0.0405547895206424
54099	0.0493449458439219
54101	0.115660421003932
54103	0.0639386189258312
54105	0
54107	0.011676377520638
54109	0.0459495473969581
55001	0.0498280930788779
55003	0.0636375206821942
55005	0.110103056460847
55007	0.335773285877376
55009	0.0268816171980906
55011	0.0763417054737003
55013	0.262933017813712
55015	0.0605412386737433
55017	0.0314223318512467
55019	0.173626182828371
55021	0.140530855305918
55023	0.24508302187366
55025	0.0734085865459001
55027	0.0567743107598674
55029	0.0724979156849241
55031	0.114918752442023
55033	0.0447387258410881
55035	0.0388481522847569
55037	0
55039	0.0391604010025063
55041	0
55043	0.095759757919332
55045	0.0539447066756575
55047	0.160264971419413
55049	0.126828443392238
55051	0.174641983932937
55053	0.145900204260286
55055	0.0709010339734121
55057	0
55059	0.0475672333113335
55061	0.098015192354815
55063	0.0592607642945429
55065	0.119381603294932
55067	0.0520264294261485
55069	0.107519174252742
55071	0.0377187688593844
55073	0.0516212768154097
55075	0.0493936924254773
55077	0
55078	0
55079	0.0252247101260395
55081	0.0657563071257918
55083	0
55085	0.0561781972416505
55087	0.0379350335454082
55089	0.0339696990284666
55091	0.273710140960723
55093	0.072748435908628
55095	0.114992755456406
55097	0.0425852058994705
55099	0.221942738773396
55101	0.0307471558880804
55103	0.114442664225223
55105	0.0494988244029204
55107	0.14157287463722
55109	0.0454395710504493
55111	0.0781873055090776
55113	0.183273260431303
55115	0.0243534167843748
55117	0.0259904528403233
55119	0.0978521454082881
55121	0.0674923227482874
55123	0.129811124813397
55125	0.0933053417308141
55127	0.0582756242776251
55129	0.0639059304703476
55131	0.0372311908024066
55133	0.0301186675501476
55135	0.0194050414297635
55137	0
55139	0.0470904017988534
55141	0.0683929035523274
56001	0.0522793810121288
56003	0.249895876718034
56005	0.0204905436141221
56007	0.0640286848508132
56009	0.0704671975195546
56011	0
56013	0.149097957357984
56015	0.224047796863331
56017	0.213720880530028
56019	0.117841150129625
56021	0.0305698214722426
56023	0.10465724751439
56025	0.0370192129715322
56027	0.403225806451613
56029	0.102204203999591
56031	0.230414746543779
56033	0.0662251655629139
56035	0.102364622786365
56037	0.0452847277255746
56039	0.129360527790953
56041	0.0962788234727772
56043	0.242865816636308
56045	0.276395798783858
